Classifier,feature,times_selected,mean_auc,mean_p_value,mean_q_value
Gradient Boosting,dwi_square_ngtdm_Strength,50,0.7420431514422089,5.542950020240673e-34,2.327484713499059e-30
Gradient Boosting,dwi_log-sigma-3-mm-3D_firstorder_Skewness,50,0.7214348312543909,1.4690818403708124e-30,2.0483209117626162e-27
Gradient Boosting,dwi_exponential_glcm_Imc1,50,0.714344929198802,4.270695926432686e-29,3.068164577283904e-26
Gradient Boosting,dwi_exponential_ngtdm_Strength,50,0.7113532059436151,1.6586443589684462e-27,1.1361891199274913e-24
Gradient Boosting,dwi_exponential_glszm_GrayLevelNonUniformityNormalized,50,0.7106005821144035,5.6965067155506496e-27,2.9900035180166572e-24
Gradient Boosting,dwi_square_firstorder_Skewness,50,0.7085678653389391,1.782585425022348e-27,1.138933269578614e-24
Gradient Boosting,dwi_square_ngtdm_Busyness,50,0.7016014554320347,6.93006857998448e-25,2.2769523252347777e-22
Gradient Boosting,dwi_exponential_firstorder_Skewness,50,0.6995927448446123,7.910312817156019e-25,2.261723869267863e-22
Gradient Boosting,dwi_square_glrlm_GrayLevelNonUniformity,50,0.6991477292979961,2.244437624524425e-24,2.9645558906555873e-22
Gradient Boosting,dwi_exponential_glcm_ClusterProminence,50,0.6981363617417238,1.0179396056675782e-24,2.8273169607360575e-22
Gradient Boosting,dwi_exponential_glrlm_GrayLevelVariance,50,0.6973326105799028,1.9046192145808326e-24,4.464209444678602e-22
Gradient Boosting,dwi_exponential_gldm_SmallDependenceHighGrayLevelEmphasis,50,0.6972744423659354,1.6988199598257366e-24,3.7836431340373193e-22
Gradient Boosting,dwi_wavelet2-LL_glcm_ClusterShade,50,0.6909193437379446,5.966497535816573e-22,4.31559810899675e-20
Gradient Boosting,dwi_log-sigma-2-mm-3D_firstorder_Kurtosis,50,0.6891164904889224,3.2442533822712114e-22,3.148805214389728e-20
Gradient Boosting,dwi_square_firstorder_Kurtosis,50,0.6869682036683865,3.054229487954598e-22,2.838342990692351e-20
Gradient Boosting,dwi_log-sigma-3-mm-3D_ngtdm_Busyness,50,0.6861487552131205,1.940793329878393e-20,9.69590586724016e-19
Gradient Boosting,dwi_square_glcm_MCC,50,0.6820914120546976,2.2256742896022096e-21,1.6277694119987203e-19
Gradient Boosting,dwi_exponential_glszm_SizeZoneNonUniformityNormalized,50,0.680970413940811,8.892258785279656e-21,6.302305458348116e-19
Gradient Boosting,dwi_log-sigma-3-mm-3D_firstorder_Kurtosis,49,0.7069147137759115,6.802606386774128e-27,3.367471857641383e-24
Gradient Boosting,dwi_wavelet2-LL_ngtdm_Strength,49,0.7006602654935052,4.201859355118445e-24,8.060029695608801e-22
Gradient Boosting,adc_logarithm_gldm_GrayLevelNonUniformity,49,0.6799544882047887,1.255923837148473e-20,8.233748307009607e-19
Gradient Boosting,dwi_exponential_glcm_Imc2,49,0.6736140730549972,3.405714257255401e-19,1.5743523151808284e-17
Gradient Boosting,dwi_wavelet2-LL_firstorder_Skewness,48,0.707369373152674,5.516143963264263e-26,2.050893831836113e-23
Gradient Boosting,dwi_square_glszm_SizeZoneNonUniformityNormalized,48,0.6731653254637293,3.634554134032097e-19,1.335173762266541e-17
Gradient Boosting,dwi_log-sigma-2-mm-3D_glcm_MCC,47,0.6764776624971205,2.5007365440679874e-19,9.285081891028073e-18
Gradient Boosting,dwi_square_glszm_SmallAreaHighGrayLevelEmphasis,46,0.6793780019982464,1.4353937927264007e-18,3.478728257628155e-17
Gradient Boosting,dwi_exponential_gldm_SmallDependenceEmphasis,46,0.6768559095219459,7.227375480908303e-20,4.23561004766211e-18
Gradient Boosting,dwi_wavelet2-LH_glcm_Imc2,46,0.671250560244913,6.68745401554196e-19,2.7291575421493958e-17
Gradient Boosting,dwi_exponential_firstorder_Maximum,44,0.6952073642193018,2.2901522516178342e-24,3.9680170299416625e-22
Gradient Boosting,dwi_wavelet2-LL_glszm_GrayLevelNonUniformity,43,0.6778124596113215,3.4004845259680635e-20,2.107608162541418e-18
Gradient Boosting,dwi_wavelet2-LH_glcm_Correlation,41,0.6713642086918361,1.4223615348082085e-18,5.038457305064384e-17
Gradient Boosting,dwi_log-sigma-0-6-mm-3D_glszm_ZoneVariance,41,0.6690727190679041,2.192670160140058e-18,8.523691861024866e-17
Gradient Boosting,dwi_exponential_glszm_GrayLevelVariance,40,0.7041379654396173,1.2144117228656825e-25,5.071687452287046e-23
Gradient Boosting,dwi_wavelet2-LL_firstorder_Kurtosis,40,0.6859872044672368,1.8018036356871563e-21,1.3221220650368405e-19
Gradient Boosting,adc_wavelet2-LL_ngtdm_Coarseness,39,0.674369171236301,4.014225940089772e-19,2.0905889003884225e-17
Gradient Boosting,dwi_wavelet2-LH_glcm_MCC,39,0.6710298400255484,5.040945631022529e-19,2.0156159285495908e-17
Gradient Boosting,dwi_exponential_glszm_LargeAreaHighGrayLevelEmphasis,38,0.681908623137229,1.528294261927672e-20,1.0593449633548073e-18
Gradient Boosting,t2_original_shape_SurfaceVolumeRatio,32,0.6690583073431096,2.5905608753955505e-18,1.0554203635889154e-16
Gradient Boosting,dwi_log-sigma-3-mm-3D_gldm_LargeDependenceHighGrayLevelEmphasis,29,0.6714727851023505,2.086538213715156e-19,1.0056233434818072e-17
Gradient Boosting,dwi_log-sigma-2-mm-3D_ngtdm_Strength,28,0.668728765432754,1.1864330800392557e-18,5.380520546324797e-17
Gradient Boosting,t2_squareroot_glszm_SizeZoneNonUniformity,17,0.6691880832331667,5.524264629644929e-19,2.4433235074794895e-17
Gradient Boosting,t2_original_glszm_GrayLevelNonUniformity,16,0.6705211785699811,5.059519139611473e-19,2.529423010518392e-17
Gradient Boosting,t2_logarithm_ngtdm_Coarseness,15,0.6678716959777605,5.971362336012758e-19,2.2346595252447938e-17
Gradient Boosting,dwi_logarithm_gldm_GrayLevelNonUniformity,15,0.6667719910845201,1.1388711885474103e-17,4.266110974946399e-16
Gradient Boosting,dwi_log-sigma-2-mm-3D_ngtdm_Busyness,15,0.6662353374487203,1.501822615509846e-18,5.941274087847528e-17
Gradient Boosting,adc_wavelet2-LL_glcm_Imc1,14,0.6655029893796804,1.912034291230077e-18,7.45062763295658e-17
Gradient Boosting,dwi_exponential_glszm_LargeAreaEmphasis,11,0.6848190839501274,4.0645863368670464e-21,2.6547661857030816e-19
Gradient Boosting,dwi_log-sigma-3-mm-3D_glcm_ClusterShade,11,0.6698729066973359,2.99278404188659e-19,1.3695657530711794e-17
Gradient Boosting,dwi_original_firstorder_Kurtosis,10,0.6817333681117261,1.2840813675045328e-20,7.6125642930953805e-19
Gradient Boosting,dwi_log-sigma-3-mm-3D_glrlm_LongRunHighGrayLevelEmphasis,9,0.6694311783455502,1.1767489711910141e-18,3.8935750619245357e-17
Gradient Boosting,dwi_log-sigma-3-mm-3D_ngtdm_Strength,8,0.6875226220662709,5.243603356742782e-23,4.6482793631942064e-21
Gradient Boosting,t2_log-sigma-3-mm-3D_glszm_ZoneEntropy,8,0.6601052416529081,9.303046573309242e-19,3.258946073652988e-17
Gradient Boosting,adc_logarithm_ngtdm_Coarseness,7,0.6739529855488188,1.7520382039297677e-20,1.1229591832322418e-18
Gradient Boosting,dwi_square_glcm_ClusterShade,7,0.6734218765577747,2.125212841928726e-19,9.189294250667484e-18
Gradient Boosting,adc_squareroot_firstorder_TotalEnergy,7,0.6674644057224981,4.867888571589068e-19,2.0862486502154123e-17
Gradient Boosting,dwi_log-sigma-0-6-mm-3D_firstorder_Skewness,7,0.6658327299091701,7.127693934219104e-19,2.916292582689181e-17
Gradient Boosting,dwi_exponential_firstorder_Range,6,0.6947896948955475,4.3039538411859496e-23,7.586468908305602e-21
Gradient Boosting,dwi_exponential_glszm_ZoneVariance,6,0.6647299189480063,5.149815526544259e-18,1.4331092066152284e-16
Gradient Boosting,t2_wavelet2-LL_glszm_SizeZoneNonUniformity,5,0.6699612143489012,3.1853300838341864e-19,1.3434875643714382e-17
Gradient Boosting,dwi_logarithm_ngtdm_Coarseness,5,0.6665762190576168,2.918130244929488e-19,1.0002433802834608e-17
Gradient Boosting,dwi_square_firstorder_Maximum,5,0.6665355623167998,2.684763580847497e-18,1.0754332501150096e-16
Gradient Boosting,dwi_log-sigma-3-mm-3D_glcm_JointAverage,5,0.6644553425715977,7.529045414554222e-19,3.023115310243949e-17
Gradient Boosting,adc_original_ngtdm_Coarseness,4,0.6781589471827625,5.046537745399312e-21,2.708104399584114e-19
Gradient Boosting,dwi_exponential_gldm_DependenceVariance,4,0.6768492132785644,2.3245957324610732e-20,1.604713086367483e-18
Gradient Boosting,dwi_squareroot_ngtdm_Coarseness,4,0.6676397525503307,2.177554300419985e-19,7.744072452826795e-18
Gradient Boosting,dwi_wavelet-LH_glcm_Imc1,4,0.6634018622283575,6.152116192629664e-18,2.3531590522834155e-16
Gradient Boosting,dwi_log-sigma-3-mm-3D_glrlm_GrayLevelNonUniformity,3,0.6760926204405059,3.129189695463813e-20,2.1522756642933757e-18
Gradient Boosting,dwi_logarithm_glrlm_GrayLevelNonUniformity,3,0.6685319491322881,2.526830786983942e-18,1.1555077892772704e-16
Gradient Boosting,dwi_log-sigma-3-mm-3D_gldm_LowGrayLevelEmphasis,3,0.6633627426795164,1.189478556429827e-18,5.4094534814602007e-17
Gradient Boosting,dwi_original_firstorder_Skewness,2,0.7005187315238992,5.731312672457792e-27,2.4065781911650267e-24
Gradient Boosting,dwi_square_glszm_GrayLevelVariance,2,0.6817323396348152,1.1692706185902275e-22,1.1125365597565086e-20
Gradient Boosting,dwi_log-sigma-3-mm-3D_glcm_MCC,2,0.6774846412653135,6.869862268012094e-20,5.24482121947271e-18
Gradient Boosting,dwi_exponential_glcm_JointAverage,2,0.6658220645974822,4.349261762759419e-19,1.3825575472936856e-17
Gradient Boosting,dwi_log-sigma-0-6-mm-3D_glszm_LargeAreaEmphasis,2,0.6651452188050463,9.364183196709478e-19,2.938873705702181e-17
Gradient Boosting,dwi_original_ngtdm_Coarseness,2,0.664365359663061,2.2353709981754117e-18,5.0964622134666546e-17
Gradient Boosting,t2_log-sigma-2-mm-3D_glrlm_RunLengthNonUniformity,2,0.6641704041410017,2.0286248421722673e-18,7.947282841195548e-17
Gradient Boosting,dwi_wavelet2-LH_glcm_Imc1,2,0.6626991803170011,3.174961343816487e-18,1.4406527941027279e-16
Gradient Boosting,t2_wavelet-HL_glszm_GrayLevelNonUniformity,2,0.6622662056739563,6.680549707222128e-18,2.31773423166474e-16
Gradient Boosting,dwi_log-sigma-3-mm-3D_glrlm_ShortRunLowGrayLevelEmphasis,2,0.6600934422486664,7.748503134385039e-18,3.30378416768113e-16
Gradient Boosting,adc_logarithm_glrlm_GrayLevelNonUniformity,1,0.6904283824809314,9.600198251950231e-25,1.0077808114984755e-22
Gradient Boosting,dwi_square_glcm_ClusterProminence,1,0.6834571308736183,1.959726035984279e-23,1.5824787740573052e-21
Gradient Boosting,dwi_squareroot_glrlm_GrayLevelNonUniformity,1,0.6809712104494897,1.6690212097034316e-22,8.808294811614165e-21
Gradient Boosting,t2_wavelet2-HL_glszm_GrayLevelNonUniformity,1,0.6762916431394692,7.084881739475364e-21,3.9665891232076067e-19
Gradient Boosting,dwi_exponential_glszm_LargeAreaLowGrayLevelEmphasis,1,0.6744558612308033,5.854017891946135e-21,3.7118433892010857e-19
Gradient Boosting,dwi_square_firstorder_Range,1,0.6736582974256988,8.793517716320388e-21,5.200560688849199e-19
Gradient Boosting,dwi_square_glrlm_GrayLevelVariance,1,0.6723759896198332,2.0026948526768745e-20,7.3765927073598205e-19
Gradient Boosting,t2_original_firstorder_TotalEnergy,1,0.6665760623357797,9.959622451755094e-20,3.2914009284683376e-18
Gradient Boosting,dwi_log-sigma-3-mm-3D_ngtdm_Coarseness,1,0.6664777939668663,1.2915319882219517e-19,4.675123119434462e-18
Gradient Boosting,dwi_log-sigma-3-mm-3D_firstorder_Minimum,1,0.6657445637214423,4.340468764353986e-19,2.366964719678232e-17
Gradient Boosting,adc_wavelet-HH_ngtdm_Coarseness,1,0.6652953045381484,3.6959842684168205e-19,1.124596952397263e-17
Gradient Boosting,dwi_exponential_ngtdm_Contrast,1,0.6645063546839491,1.1602500825622223e-18,4.5531683146530574e-17
Gradient Boosting,t2_original_shape_MinorAxisLength,1,0.6640504770698676,6.787147843845736e-19,1.7812021122692653e-17
Gradient Boosting,t2_squareroot_glszm_GrayLevelNonUniformity,1,0.6637341153470185,1.841022873933614e-18,1.0307273396862993e-16
Gradient Boosting,dwi_exponential_glszm_SizeZoneNonUniformity,1,0.6606052593625307,2.2617744573142217e-18,6.975339712412628e-17
Gradient Boosting,t2_logarithm_glszm_SizeZoneNonUniformity,1,0.6590539572310405,1.07007423024885e-17,3.4039709794052433e-16
Gradient Boosting,t2_original_shape_Maximum2DDiameterRow,1,0.6569561563051146,2.8351662238452696e-17,7.90911956843948e-16
KNN,dwi_square_ngtdm_Strength,50,0.7420431514422089,5.542950020240673e-34,2.327484713499059e-30
KNN,dwi_log-sigma-3-mm-3D_firstorder_Skewness,50,0.7214348312543909,1.4690818403708124e-30,2.0483209117626162e-27
KNN,dwi_exponential_glcm_Imc1,50,0.714344929198802,4.270695926432686e-29,3.068164577283904e-26
KNN,dwi_exponential_ngtdm_Strength,50,0.7113532059436151,1.6586443589684462e-27,1.1361891199274913e-24
KNN,dwi_exponential_glszm_GrayLevelNonUniformityNormalized,50,0.7106005821144035,5.6965067155506496e-27,2.9900035180166572e-24
KNN,dwi_square_firstorder_Skewness,50,0.7085678653389391,1.782585425022348e-27,1.138933269578614e-24
KNN,dwi_square_ngtdm_Busyness,50,0.7016014554320347,6.93006857998448e-25,2.2769523252347777e-22
KNN,dwi_exponential_firstorder_Skewness,50,0.6995927448446123,7.910312817156019e-25,2.261723869267863e-22
KNN,dwi_square_glrlm_GrayLevelNonUniformity,50,0.6991477292979961,2.244437624524425e-24,2.9645558906555873e-22
KNN,dwi_exponential_glcm_ClusterProminence,50,0.6981363617417238,1.0179396056675782e-24,2.8273169607360575e-22
KNN,dwi_exponential_glrlm_GrayLevelVariance,50,0.6973326105799028,1.9046192145808326e-24,4.464209444678602e-22
KNN,dwi_exponential_gldm_SmallDependenceHighGrayLevelEmphasis,50,0.6972744423659354,1.6988199598257366e-24,3.7836431340373193e-22
KNN,dwi_wavelet2-LL_glcm_ClusterShade,50,0.6909193437379446,5.966497535816573e-22,4.31559810899675e-20
KNN,dwi_log-sigma-2-mm-3D_firstorder_Kurtosis,50,0.6891164904889224,3.2442533822712114e-22,3.148805214389728e-20
KNN,dwi_square_firstorder_Kurtosis,50,0.6869682036683865,3.054229487954598e-22,2.838342990692351e-20
KNN,dwi_log-sigma-3-mm-3D_ngtdm_Busyness,50,0.6861487552131205,1.940793329878393e-20,9.69590586724016e-19
KNN,dwi_square_glcm_MCC,50,0.6820914120546976,2.2256742896022096e-21,1.6277694119987203e-19
KNN,dwi_exponential_glszm_SizeZoneNonUniformityNormalized,50,0.680970413940811,8.892258785279656e-21,6.302305458348116e-19
KNN,dwi_log-sigma-3-mm-3D_firstorder_Kurtosis,49,0.7069147137759115,6.802606386774128e-27,3.367471857641383e-24
KNN,dwi_wavelet2-LL_ngtdm_Strength,49,0.7006602654935052,4.201859355118445e-24,8.060029695608801e-22
KNN,adc_logarithm_gldm_GrayLevelNonUniformity,49,0.6799544882047887,1.255923837148473e-20,8.233748307009607e-19
KNN,dwi_exponential_glcm_Imc2,49,0.6736140730549972,3.405714257255401e-19,1.5743523151808284e-17
KNN,dwi_wavelet2-LL_firstorder_Skewness,48,0.707369373152674,5.516143963264263e-26,2.050893831836113e-23
KNN,dwi_square_glszm_SizeZoneNonUniformityNormalized,48,0.6731653254637293,3.634554134032097e-19,1.335173762266541e-17
KNN,dwi_log-sigma-2-mm-3D_glcm_MCC,47,0.6764776624971205,2.5007365440679874e-19,9.285081891028073e-18
KNN,dwi_square_glszm_SmallAreaHighGrayLevelEmphasis,46,0.6793780019982464,1.4353937927264007e-18,3.478728257628155e-17
KNN,dwi_exponential_gldm_SmallDependenceEmphasis,46,0.6768559095219459,7.227375480908303e-20,4.23561004766211e-18
KNN,dwi_wavelet2-LH_glcm_Imc2,46,0.671250560244913,6.68745401554196e-19,2.7291575421493958e-17
KNN,dwi_exponential_firstorder_Maximum,44,0.6952073642193018,2.2901522516178342e-24,3.9680170299416625e-22
KNN,dwi_wavelet2-LL_glszm_GrayLevelNonUniformity,43,0.6778124596113215,3.4004845259680635e-20,2.107608162541418e-18
KNN,dwi_wavelet2-LH_glcm_Correlation,41,0.6713642086918361,1.4223615348082085e-18,5.038457305064384e-17
KNN,dwi_log-sigma-0-6-mm-3D_glszm_ZoneVariance,41,0.6690727190679041,2.192670160140058e-18,8.523691861024866e-17
KNN,dwi_exponential_glszm_GrayLevelVariance,40,0.7041379654396173,1.2144117228656825e-25,5.071687452287046e-23
KNN,dwi_wavelet2-LL_firstorder_Kurtosis,40,0.6859872044672368,1.8018036356871563e-21,1.3221220650368405e-19
KNN,adc_wavelet2-LL_ngtdm_Coarseness,39,0.674369171236301,4.014225940089772e-19,2.0905889003884225e-17
KNN,dwi_wavelet2-LH_glcm_MCC,39,0.6710298400255484,5.040945631022529e-19,2.0156159285495908e-17
KNN,dwi_exponential_glszm_LargeAreaHighGrayLevelEmphasis,38,0.681908623137229,1.528294261927672e-20,1.0593449633548073e-18
KNN,t2_original_shape_SurfaceVolumeRatio,32,0.6690583073431096,2.5905608753955505e-18,1.0554203635889154e-16
KNN,dwi_log-sigma-3-mm-3D_gldm_LargeDependenceHighGrayLevelEmphasis,29,0.6714727851023505,2.086538213715156e-19,1.0056233434818072e-17
KNN,dwi_log-sigma-2-mm-3D_ngtdm_Strength,28,0.668728765432754,1.1864330800392557e-18,5.380520546324797e-17
KNN,t2_squareroot_glszm_SizeZoneNonUniformity,17,0.6691880832331667,5.524264629644929e-19,2.4433235074794895e-17
KNN,t2_original_glszm_GrayLevelNonUniformity,16,0.6705211785699811,5.059519139611473e-19,2.529423010518392e-17
KNN,t2_logarithm_ngtdm_Coarseness,15,0.6678716959777605,5.971362336012758e-19,2.2346595252447938e-17
KNN,dwi_logarithm_gldm_GrayLevelNonUniformity,15,0.6667719910845201,1.1388711885474103e-17,4.266110974946399e-16
KNN,dwi_log-sigma-2-mm-3D_ngtdm_Busyness,15,0.6662353374487203,1.501822615509846e-18,5.941274087847528e-17
KNN,adc_wavelet2-LL_glcm_Imc1,14,0.6655029893796804,1.912034291230077e-18,7.45062763295658e-17
KNN,dwi_exponential_glszm_LargeAreaEmphasis,11,0.6848190839501274,4.0645863368670464e-21,2.6547661857030816e-19
KNN,dwi_log-sigma-3-mm-3D_glcm_ClusterShade,11,0.6698729066973359,2.99278404188659e-19,1.3695657530711794e-17
KNN,dwi_original_firstorder_Kurtosis,10,0.6817333681117261,1.2840813675045328e-20,7.6125642930953805e-19
KNN,dwi_log-sigma-3-mm-3D_glrlm_LongRunHighGrayLevelEmphasis,9,0.6694311783455502,1.1767489711910141e-18,3.8935750619245357e-17
KNN,dwi_log-sigma-3-mm-3D_ngtdm_Strength,8,0.6875226220662709,5.243603356742782e-23,4.6482793631942064e-21
KNN,t2_log-sigma-3-mm-3D_glszm_ZoneEntropy,8,0.6601052416529081,9.303046573309242e-19,3.258946073652988e-17
KNN,adc_logarithm_ngtdm_Coarseness,7,0.6739529855488188,1.7520382039297677e-20,1.1229591832322418e-18
KNN,dwi_square_glcm_ClusterShade,7,0.6734218765577747,2.125212841928726e-19,9.189294250667484e-18
KNN,adc_squareroot_firstorder_TotalEnergy,7,0.6674644057224981,4.867888571589068e-19,2.0862486502154123e-17
KNN,dwi_log-sigma-0-6-mm-3D_firstorder_Skewness,7,0.6658327299091701,7.127693934219104e-19,2.916292582689181e-17
KNN,dwi_exponential_firstorder_Range,6,0.6947896948955475,4.3039538411859496e-23,7.586468908305602e-21
KNN,dwi_exponential_glszm_ZoneVariance,6,0.6647299189480063,5.149815526544259e-18,1.4331092066152284e-16
KNN,t2_wavelet2-LL_glszm_SizeZoneNonUniformity,5,0.6699612143489012,3.1853300838341864e-19,1.3434875643714382e-17
KNN,dwi_logarithm_ngtdm_Coarseness,5,0.6665762190576168,2.918130244929488e-19,1.0002433802834608e-17
KNN,dwi_square_firstorder_Maximum,5,0.6665355623167998,2.684763580847497e-18,1.0754332501150096e-16
KNN,dwi_log-sigma-3-mm-3D_glcm_JointAverage,5,0.6644553425715977,7.529045414554222e-19,3.023115310243949e-17
KNN,adc_original_ngtdm_Coarseness,4,0.6781589471827625,5.046537745399312e-21,2.708104399584114e-19
KNN,dwi_exponential_gldm_DependenceVariance,4,0.6768492132785644,2.3245957324610732e-20,1.604713086367483e-18
KNN,dwi_squareroot_ngtdm_Coarseness,4,0.6676397525503307,2.177554300419985e-19,7.744072452826795e-18
KNN,dwi_wavelet-LH_glcm_Imc1,4,0.6634018622283575,6.152116192629664e-18,2.3531590522834155e-16
KNN,dwi_log-sigma-3-mm-3D_glrlm_GrayLevelNonUniformity,3,0.6760926204405059,3.129189695463813e-20,2.1522756642933757e-18
KNN,dwi_logarithm_glrlm_GrayLevelNonUniformity,3,0.6685319491322881,2.526830786983942e-18,1.1555077892772704e-16
KNN,dwi_log-sigma-3-mm-3D_gldm_LowGrayLevelEmphasis,3,0.6633627426795164,1.189478556429827e-18,5.4094534814602007e-17
KNN,dwi_original_firstorder_Skewness,2,0.7005187315238992,5.731312672457792e-27,2.4065781911650267e-24
KNN,dwi_square_glszm_GrayLevelVariance,2,0.6817323396348152,1.1692706185902275e-22,1.1125365597565086e-20
KNN,dwi_log-sigma-3-mm-3D_glcm_MCC,2,0.6774846412653135,6.869862268012094e-20,5.24482121947271e-18
KNN,dwi_exponential_glcm_JointAverage,2,0.6658220645974822,4.349261762759419e-19,1.3825575472936856e-17
KNN,dwi_log-sigma-0-6-mm-3D_glszm_LargeAreaEmphasis,2,0.6651452188050463,9.364183196709478e-19,2.938873705702181e-17
KNN,dwi_original_ngtdm_Coarseness,2,0.664365359663061,2.2353709981754117e-18,5.0964622134666546e-17
KNN,t2_log-sigma-2-mm-3D_glrlm_RunLengthNonUniformity,2,0.6641704041410017,2.0286248421722673e-18,7.947282841195548e-17
KNN,dwi_wavelet2-LH_glcm_Imc1,2,0.6626991803170011,3.174961343816487e-18,1.4406527941027279e-16
KNN,t2_wavelet-HL_glszm_GrayLevelNonUniformity,2,0.6622662056739563,6.680549707222128e-18,2.31773423166474e-16
KNN,dwi_log-sigma-3-mm-3D_glrlm_ShortRunLowGrayLevelEmphasis,2,0.6600934422486664,7.748503134385039e-18,3.30378416768113e-16
KNN,adc_logarithm_glrlm_GrayLevelNonUniformity,1,0.6904283824809314,9.600198251950231e-25,1.0077808114984755e-22
KNN,dwi_square_glcm_ClusterProminence,1,0.6834571308736183,1.959726035984279e-23,1.5824787740573052e-21
KNN,dwi_squareroot_glrlm_GrayLevelNonUniformity,1,0.6809712104494897,1.6690212097034316e-22,8.808294811614165e-21
KNN,t2_wavelet2-HL_glszm_GrayLevelNonUniformity,1,0.6762916431394692,7.084881739475364e-21,3.9665891232076067e-19
KNN,dwi_exponential_glszm_LargeAreaLowGrayLevelEmphasis,1,0.6744558612308033,5.854017891946135e-21,3.7118433892010857e-19
KNN,dwi_square_firstorder_Range,1,0.6736582974256988,8.793517716320388e-21,5.200560688849199e-19
KNN,dwi_square_glrlm_GrayLevelVariance,1,0.6723759896198332,2.0026948526768745e-20,7.3765927073598205e-19
KNN,t2_original_firstorder_TotalEnergy,1,0.6665760623357797,9.959622451755094e-20,3.2914009284683376e-18
KNN,dwi_log-sigma-3-mm-3D_ngtdm_Coarseness,1,0.6664777939668663,1.2915319882219517e-19,4.675123119434462e-18
KNN,dwi_log-sigma-3-mm-3D_firstorder_Minimum,1,0.6657445637214423,4.340468764353986e-19,2.366964719678232e-17
KNN,adc_wavelet-HH_ngtdm_Coarseness,1,0.6652953045381484,3.6959842684168205e-19,1.124596952397263e-17
KNN,dwi_exponential_ngtdm_Contrast,1,0.6645063546839491,1.1602500825622223e-18,4.5531683146530574e-17
KNN,t2_original_shape_MinorAxisLength,1,0.6640504770698676,6.787147843845736e-19,1.7812021122692653e-17
KNN,t2_squareroot_glszm_GrayLevelNonUniformity,1,0.6637341153470185,1.841022873933614e-18,1.0307273396862993e-16
KNN,dwi_exponential_glszm_SizeZoneNonUniformity,1,0.6606052593625307,2.2617744573142217e-18,6.975339712412628e-17
KNN,t2_logarithm_glszm_SizeZoneNonUniformity,1,0.6590539572310405,1.07007423024885e-17,3.4039709794052433e-16
KNN,t2_original_shape_Maximum2DDiameterRow,1,0.6569561563051146,2.8351662238452696e-17,7.90911956843948e-16
Logistic Regression,dwi_square_ngtdm_Strength,50,0.7420431514422089,5.542950020240673e-34,2.327484713499059e-30
Logistic Regression,dwi_log-sigma-3-mm-3D_firstorder_Skewness,50,0.7214348312543909,1.4690818403708124e-30,2.0483209117626162e-27
Logistic Regression,dwi_exponential_glcm_Imc1,50,0.714344929198802,4.270695926432686e-29,3.068164577283904e-26
Logistic Regression,dwi_exponential_ngtdm_Strength,50,0.7113532059436151,1.6586443589684462e-27,1.1361891199274913e-24
Logistic Regression,dwi_exponential_glszm_GrayLevelNonUniformityNormalized,50,0.7106005821144035,5.6965067155506496e-27,2.9900035180166572e-24
Logistic Regression,dwi_square_firstorder_Skewness,50,0.7085678653389391,1.782585425022348e-27,1.138933269578614e-24
Logistic Regression,dwi_square_ngtdm_Busyness,50,0.7016014554320347,6.93006857998448e-25,2.2769523252347777e-22
Logistic Regression,dwi_exponential_firstorder_Skewness,50,0.6995927448446123,7.910312817156019e-25,2.261723869267863e-22
Logistic Regression,dwi_square_glrlm_GrayLevelNonUniformity,50,0.6991477292979961,2.244437624524425e-24,2.9645558906555873e-22
Logistic Regression,dwi_exponential_glcm_ClusterProminence,50,0.6981363617417238,1.0179396056675782e-24,2.8273169607360575e-22
Logistic Regression,dwi_exponential_glrlm_GrayLevelVariance,50,0.6973326105799028,1.9046192145808326e-24,4.464209444678602e-22
Logistic Regression,dwi_exponential_gldm_SmallDependenceHighGrayLevelEmphasis,50,0.6972744423659354,1.6988199598257366e-24,3.7836431340373193e-22
Logistic Regression,dwi_wavelet2-LL_glcm_ClusterShade,50,0.6909193437379446,5.966497535816573e-22,4.31559810899675e-20
Logistic Regression,dwi_log-sigma-2-mm-3D_firstorder_Kurtosis,50,0.6891164904889224,3.2442533822712114e-22,3.148805214389728e-20
Logistic Regression,dwi_square_firstorder_Kurtosis,50,0.6869682036683865,3.054229487954598e-22,2.838342990692351e-20
Logistic Regression,dwi_log-sigma-3-mm-3D_ngtdm_Busyness,50,0.6861487552131205,1.940793329878393e-20,9.69590586724016e-19
Logistic Regression,dwi_square_glcm_MCC,50,0.6820914120546976,2.2256742896022096e-21,1.6277694119987203e-19
Logistic Regression,dwi_exponential_glszm_SizeZoneNonUniformityNormalized,50,0.680970413940811,8.892258785279656e-21,6.302305458348116e-19
Logistic Regression,dwi_log-sigma-3-mm-3D_firstorder_Kurtosis,49,0.7069147137759115,6.802606386774128e-27,3.367471857641383e-24
Logistic Regression,dwi_wavelet2-LL_ngtdm_Strength,49,0.7006602654935052,4.201859355118445e-24,8.060029695608801e-22
Logistic Regression,adc_logarithm_gldm_GrayLevelNonUniformity,49,0.6799544882047887,1.255923837148473e-20,8.233748307009607e-19
Logistic Regression,dwi_exponential_glcm_Imc2,49,0.6736140730549972,3.405714257255401e-19,1.5743523151808284e-17
Logistic Regression,dwi_wavelet2-LL_firstorder_Skewness,48,0.707369373152674,5.516143963264263e-26,2.050893831836113e-23
Logistic Regression,dwi_square_glszm_SizeZoneNonUniformityNormalized,48,0.6731653254637293,3.634554134032097e-19,1.335173762266541e-17
Logistic Regression,dwi_log-sigma-2-mm-3D_glcm_MCC,47,0.6764776624971205,2.5007365440679874e-19,9.285081891028073e-18
Logistic Regression,dwi_square_glszm_SmallAreaHighGrayLevelEmphasis,46,0.6793780019982464,1.4353937927264007e-18,3.478728257628155e-17
Logistic Regression,dwi_exponential_gldm_SmallDependenceEmphasis,46,0.6768559095219459,7.227375480908303e-20,4.23561004766211e-18
Logistic Regression,dwi_wavelet2-LH_glcm_Imc2,46,0.671250560244913,6.68745401554196e-19,2.7291575421493958e-17
Logistic Regression,dwi_exponential_firstorder_Maximum,44,0.6952073642193018,2.2901522516178342e-24,3.9680170299416625e-22
Logistic Regression,dwi_wavelet2-LL_glszm_GrayLevelNonUniformity,43,0.6778124596113215,3.4004845259680635e-20,2.107608162541418e-18
Logistic Regression,dwi_wavelet2-LH_glcm_Correlation,41,0.6713642086918361,1.4223615348082085e-18,5.038457305064384e-17
Logistic Regression,dwi_log-sigma-0-6-mm-3D_glszm_ZoneVariance,41,0.6690727190679041,2.192670160140058e-18,8.523691861024866e-17
Logistic Regression,dwi_exponential_glszm_GrayLevelVariance,40,0.7041379654396173,1.2144117228656825e-25,5.071687452287046e-23
Logistic Regression,dwi_wavelet2-LL_firstorder_Kurtosis,40,0.6859872044672368,1.8018036356871563e-21,1.3221220650368405e-19
Logistic Regression,adc_wavelet2-LL_ngtdm_Coarseness,39,0.674369171236301,4.014225940089772e-19,2.0905889003884225e-17
Logistic Regression,dwi_wavelet2-LH_glcm_MCC,39,0.6710298400255484,5.040945631022529e-19,2.0156159285495908e-17
Logistic Regression,dwi_exponential_glszm_LargeAreaHighGrayLevelEmphasis,38,0.681908623137229,1.528294261927672e-20,1.0593449633548073e-18
Logistic Regression,t2_original_shape_SurfaceVolumeRatio,32,0.6690583073431096,2.5905608753955505e-18,1.0554203635889154e-16
Logistic Regression,dwi_log-sigma-3-mm-3D_gldm_LargeDependenceHighGrayLevelEmphasis,29,0.6714727851023505,2.086538213715156e-19,1.0056233434818072e-17
Logistic Regression,dwi_log-sigma-2-mm-3D_ngtdm_Strength,28,0.668728765432754,1.1864330800392557e-18,5.380520546324797e-17
Logistic Regression,t2_squareroot_glszm_SizeZoneNonUniformity,17,0.6691880832331667,5.524264629644929e-19,2.4433235074794895e-17
Logistic Regression,t2_original_glszm_GrayLevelNonUniformity,16,0.6705211785699811,5.059519139611473e-19,2.529423010518392e-17
Logistic Regression,t2_logarithm_ngtdm_Coarseness,15,0.6678716959777605,5.971362336012758e-19,2.2346595252447938e-17
Logistic Regression,dwi_logarithm_gldm_GrayLevelNonUniformity,15,0.6667719910845201,1.1388711885474103e-17,4.266110974946399e-16
Logistic Regression,dwi_log-sigma-2-mm-3D_ngtdm_Busyness,15,0.6662353374487203,1.501822615509846e-18,5.941274087847528e-17
Logistic Regression,adc_wavelet2-LL_glcm_Imc1,14,0.6655029893796804,1.912034291230077e-18,7.45062763295658e-17
Logistic Regression,dwi_exponential_glszm_LargeAreaEmphasis,11,0.6848190839501274,4.0645863368670464e-21,2.6547661857030816e-19
Logistic Regression,dwi_log-sigma-3-mm-3D_glcm_ClusterShade,11,0.6698729066973359,2.99278404188659e-19,1.3695657530711794e-17
Logistic Regression,dwi_original_firstorder_Kurtosis,10,0.6817333681117261,1.2840813675045328e-20,7.6125642930953805e-19
Logistic Regression,dwi_log-sigma-3-mm-3D_glrlm_LongRunHighGrayLevelEmphasis,9,0.6694311783455502,1.1767489711910141e-18,3.8935750619245357e-17
Logistic Regression,dwi_log-sigma-3-mm-3D_ngtdm_Strength,8,0.6875226220662709,5.243603356742782e-23,4.6482793631942064e-21
Logistic Regression,t2_log-sigma-3-mm-3D_glszm_ZoneEntropy,8,0.6601052416529081,9.303046573309242e-19,3.258946073652988e-17
Logistic Regression,adc_logarithm_ngtdm_Coarseness,7,0.6739529855488188,1.7520382039297677e-20,1.1229591832322418e-18
Logistic Regression,dwi_square_glcm_ClusterShade,7,0.6734218765577747,2.125212841928726e-19,9.189294250667484e-18
Logistic Regression,adc_squareroot_firstorder_TotalEnergy,7,0.6674644057224981,4.867888571589068e-19,2.0862486502154123e-17
Logistic Regression,dwi_log-sigma-0-6-mm-3D_firstorder_Skewness,7,0.6658327299091701,7.127693934219104e-19,2.916292582689181e-17
Logistic Regression,dwi_exponential_firstorder_Range,6,0.6947896948955475,4.3039538411859496e-23,7.586468908305602e-21
Logistic Regression,dwi_exponential_glszm_ZoneVariance,6,0.6647299189480063,5.149815526544259e-18,1.4331092066152284e-16
Logistic Regression,t2_wavelet2-LL_glszm_SizeZoneNonUniformity,5,0.6699612143489012,3.1853300838341864e-19,1.3434875643714382e-17
Logistic Regression,dwi_logarithm_ngtdm_Coarseness,5,0.6665762190576168,2.918130244929488e-19,1.0002433802834608e-17
Logistic Regression,dwi_square_firstorder_Maximum,5,0.6665355623167998,2.684763580847497e-18,1.0754332501150096e-16
Logistic Regression,dwi_log-sigma-3-mm-3D_glcm_JointAverage,5,0.6644553425715977,7.529045414554222e-19,3.023115310243949e-17
Logistic Regression,adc_original_ngtdm_Coarseness,4,0.6781589471827625,5.046537745399312e-21,2.708104399584114e-19
Logistic Regression,dwi_exponential_gldm_DependenceVariance,4,0.6768492132785644,2.3245957324610732e-20,1.604713086367483e-18
Logistic Regression,dwi_squareroot_ngtdm_Coarseness,4,0.6676397525503307,2.177554300419985e-19,7.744072452826795e-18
Logistic Regression,dwi_wavelet-LH_glcm_Imc1,4,0.6634018622283575,6.152116192629664e-18,2.3531590522834155e-16
Logistic Regression,dwi_log-sigma-3-mm-3D_glrlm_GrayLevelNonUniformity,3,0.6760926204405059,3.129189695463813e-20,2.1522756642933757e-18
Logistic Regression,dwi_logarithm_glrlm_GrayLevelNonUniformity,3,0.6685319491322881,2.526830786983942e-18,1.1555077892772704e-16
Logistic Regression,dwi_log-sigma-3-mm-3D_gldm_LowGrayLevelEmphasis,3,0.6633627426795164,1.189478556429827e-18,5.4094534814602007e-17
Logistic Regression,dwi_original_firstorder_Skewness,2,0.7005187315238992,5.731312672457792e-27,2.4065781911650267e-24
Logistic Regression,dwi_square_glszm_GrayLevelVariance,2,0.6817323396348152,1.1692706185902275e-22,1.1125365597565086e-20
Logistic Regression,dwi_log-sigma-3-mm-3D_glcm_MCC,2,0.6774846412653135,6.869862268012094e-20,5.24482121947271e-18
Logistic Regression,dwi_exponential_glcm_JointAverage,2,0.6658220645974822,4.349261762759419e-19,1.3825575472936856e-17
Logistic Regression,dwi_log-sigma-0-6-mm-3D_glszm_LargeAreaEmphasis,2,0.6651452188050463,9.364183196709478e-19,2.938873705702181e-17
Logistic Regression,dwi_original_ngtdm_Coarseness,2,0.664365359663061,2.2353709981754117e-18,5.0964622134666546e-17
Logistic Regression,t2_log-sigma-2-mm-3D_glrlm_RunLengthNonUniformity,2,0.6641704041410017,2.0286248421722673e-18,7.947282841195548e-17
Logistic Regression,dwi_wavelet2-LH_glcm_Imc1,2,0.6626991803170011,3.174961343816487e-18,1.4406527941027279e-16
Logistic Regression,t2_wavelet-HL_glszm_GrayLevelNonUniformity,2,0.6622662056739563,6.680549707222128e-18,2.31773423166474e-16
Logistic Regression,dwi_log-sigma-3-mm-3D_glrlm_ShortRunLowGrayLevelEmphasis,2,0.6600934422486664,7.748503134385039e-18,3.30378416768113e-16
Logistic Regression,adc_logarithm_glrlm_GrayLevelNonUniformity,1,0.6904283824809314,9.600198251950231e-25,1.0077808114984755e-22
Logistic Regression,dwi_square_glcm_ClusterProminence,1,0.6834571308736183,1.959726035984279e-23,1.5824787740573052e-21
Logistic Regression,dwi_squareroot_glrlm_GrayLevelNonUniformity,1,0.6809712104494897,1.6690212097034316e-22,8.808294811614165e-21
Logistic Regression,t2_wavelet2-HL_glszm_GrayLevelNonUniformity,1,0.6762916431394692,7.084881739475364e-21,3.9665891232076067e-19
Logistic Regression,dwi_exponential_glszm_LargeAreaLowGrayLevelEmphasis,1,0.6744558612308033,5.854017891946135e-21,3.7118433892010857e-19
Logistic Regression,dwi_square_firstorder_Range,1,0.6736582974256988,8.793517716320388e-21,5.200560688849199e-19
Logistic Regression,dwi_square_glrlm_GrayLevelVariance,1,0.6723759896198332,2.0026948526768745e-20,7.3765927073598205e-19
Logistic Regression,t2_original_firstorder_TotalEnergy,1,0.6665760623357797,9.959622451755094e-20,3.2914009284683376e-18
Logistic Regression,dwi_log-sigma-3-mm-3D_ngtdm_Coarseness,1,0.6664777939668663,1.2915319882219517e-19,4.675123119434462e-18
Logistic Regression,dwi_log-sigma-3-mm-3D_firstorder_Minimum,1,0.6657445637214423,4.340468764353986e-19,2.366964719678232e-17
Logistic Regression,adc_wavelet-HH_ngtdm_Coarseness,1,0.6652953045381484,3.6959842684168205e-19,1.124596952397263e-17
Logistic Regression,dwi_exponential_ngtdm_Contrast,1,0.6645063546839491,1.1602500825622223e-18,4.5531683146530574e-17
Logistic Regression,t2_original_shape_MinorAxisLength,1,0.6640504770698676,6.787147843845736e-19,1.7812021122692653e-17
Logistic Regression,t2_squareroot_glszm_GrayLevelNonUniformity,1,0.6637341153470185,1.841022873933614e-18,1.0307273396862993e-16
Logistic Regression,dwi_exponential_glszm_SizeZoneNonUniformity,1,0.6606052593625307,2.2617744573142217e-18,6.975339712412628e-17
Logistic Regression,t2_logarithm_glszm_SizeZoneNonUniformity,1,0.6590539572310405,1.07007423024885e-17,3.4039709794052433e-16
Logistic Regression,t2_original_shape_Maximum2DDiameterRow,1,0.6569561563051146,2.8351662238452696e-17,7.90911956843948e-16
Naive Bayes,dwi_square_ngtdm_Strength,50,0.7420431514422089,5.542950020240673e-34,2.327484713499059e-30
Naive Bayes,dwi_log-sigma-3-mm-3D_firstorder_Skewness,50,0.7214348312543909,1.4690818403708124e-30,2.0483209117626162e-27
Naive Bayes,dwi_exponential_glcm_Imc1,50,0.714344929198802,4.270695926432686e-29,3.068164577283904e-26
Naive Bayes,dwi_exponential_ngtdm_Strength,50,0.7113532059436151,1.6586443589684462e-27,1.1361891199274913e-24
Naive Bayes,dwi_exponential_glszm_GrayLevelNonUniformityNormalized,50,0.7106005821144035,5.6965067155506496e-27,2.9900035180166572e-24
Naive Bayes,dwi_square_firstorder_Skewness,50,0.7085678653389391,1.782585425022348e-27,1.138933269578614e-24
Naive Bayes,dwi_square_ngtdm_Busyness,50,0.7016014554320347,6.93006857998448e-25,2.2769523252347777e-22
Naive Bayes,dwi_exponential_firstorder_Skewness,50,0.6995927448446123,7.910312817156019e-25,2.261723869267863e-22
Naive Bayes,dwi_square_glrlm_GrayLevelNonUniformity,50,0.6991477292979961,2.244437624524425e-24,2.9645558906555873e-22
Naive Bayes,dwi_exponential_glcm_ClusterProminence,50,0.6981363617417238,1.0179396056675782e-24,2.8273169607360575e-22
Naive Bayes,dwi_exponential_glrlm_GrayLevelVariance,50,0.6973326105799028,1.9046192145808326e-24,4.464209444678602e-22
Naive Bayes,dwi_exponential_gldm_SmallDependenceHighGrayLevelEmphasis,50,0.6972744423659354,1.6988199598257366e-24,3.7836431340373193e-22
Naive Bayes,dwi_wavelet2-LL_glcm_ClusterShade,50,0.6909193437379446,5.966497535816573e-22,4.31559810899675e-20
Naive Bayes,dwi_log-sigma-2-mm-3D_firstorder_Kurtosis,50,0.6891164904889224,3.2442533822712114e-22,3.148805214389728e-20
Naive Bayes,dwi_square_firstorder_Kurtosis,50,0.6869682036683865,3.054229487954598e-22,2.838342990692351e-20
Naive Bayes,dwi_log-sigma-3-mm-3D_ngtdm_Busyness,50,0.6861487552131205,1.940793329878393e-20,9.69590586724016e-19
Naive Bayes,dwi_square_glcm_MCC,50,0.6820914120546976,2.2256742896022096e-21,1.6277694119987203e-19
Naive Bayes,dwi_exponential_glszm_SizeZoneNonUniformityNormalized,50,0.680970413940811,8.892258785279656e-21,6.302305458348116e-19
Naive Bayes,dwi_log-sigma-3-mm-3D_firstorder_Kurtosis,49,0.7069147137759115,6.802606386774128e-27,3.367471857641383e-24
Naive Bayes,dwi_wavelet2-LL_ngtdm_Strength,49,0.7006602654935052,4.201859355118445e-24,8.060029695608801e-22
Naive Bayes,adc_logarithm_gldm_GrayLevelNonUniformity,49,0.6799544882047887,1.255923837148473e-20,8.233748307009607e-19
Naive Bayes,dwi_exponential_glcm_Imc2,49,0.6736140730549972,3.405714257255401e-19,1.5743523151808284e-17
Naive Bayes,dwi_wavelet2-LL_firstorder_Skewness,48,0.707369373152674,5.516143963264263e-26,2.050893831836113e-23
Naive Bayes,dwi_square_glszm_SizeZoneNonUniformityNormalized,48,0.6731653254637293,3.634554134032097e-19,1.335173762266541e-17
Naive Bayes,dwi_log-sigma-2-mm-3D_glcm_MCC,47,0.6764776624971205,2.5007365440679874e-19,9.285081891028073e-18
Naive Bayes,dwi_square_glszm_SmallAreaHighGrayLevelEmphasis,46,0.6793780019982464,1.4353937927264007e-18,3.478728257628155e-17
Naive Bayes,dwi_exponential_gldm_SmallDependenceEmphasis,46,0.6768559095219459,7.227375480908303e-20,4.23561004766211e-18
Naive Bayes,dwi_wavelet2-LH_glcm_Imc2,46,0.671250560244913,6.68745401554196e-19,2.7291575421493958e-17
Naive Bayes,dwi_exponential_firstorder_Maximum,44,0.6952073642193018,2.2901522516178342e-24,3.9680170299416625e-22
Naive Bayes,dwi_wavelet2-LL_glszm_GrayLevelNonUniformity,43,0.6778124596113215,3.4004845259680635e-20,2.107608162541418e-18
Naive Bayes,dwi_wavelet2-LH_glcm_Correlation,41,0.6713642086918361,1.4223615348082085e-18,5.038457305064384e-17
Naive Bayes,dwi_log-sigma-0-6-mm-3D_glszm_ZoneVariance,41,0.6690727190679041,2.192670160140058e-18,8.523691861024866e-17
Naive Bayes,dwi_exponential_glszm_GrayLevelVariance,40,0.7041379654396173,1.2144117228656825e-25,5.071687452287046e-23
Naive Bayes,dwi_wavelet2-LL_firstorder_Kurtosis,40,0.6859872044672368,1.8018036356871563e-21,1.3221220650368405e-19
Naive Bayes,adc_wavelet2-LL_ngtdm_Coarseness,39,0.674369171236301,4.014225940089772e-19,2.0905889003884225e-17
Naive Bayes,dwi_wavelet2-LH_glcm_MCC,39,0.6710298400255484,5.040945631022529e-19,2.0156159285495908e-17
Naive Bayes,dwi_exponential_glszm_LargeAreaHighGrayLevelEmphasis,38,0.681908623137229,1.528294261927672e-20,1.0593449633548073e-18
Naive Bayes,t2_original_shape_SurfaceVolumeRatio,32,0.6690583073431096,2.5905608753955505e-18,1.0554203635889154e-16
Naive Bayes,dwi_log-sigma-3-mm-3D_gldm_LargeDependenceHighGrayLevelEmphasis,29,0.6714727851023505,2.086538213715156e-19,1.0056233434818072e-17
Naive Bayes,dwi_log-sigma-2-mm-3D_ngtdm_Strength,28,0.668728765432754,1.1864330800392557e-18,5.380520546324797e-17
Naive Bayes,t2_squareroot_glszm_SizeZoneNonUniformity,17,0.6691880832331667,5.524264629644929e-19,2.4433235074794895e-17
Naive Bayes,t2_original_glszm_GrayLevelNonUniformity,16,0.6705211785699811,5.059519139611473e-19,2.529423010518392e-17
Naive Bayes,t2_logarithm_ngtdm_Coarseness,15,0.6678716959777605,5.971362336012758e-19,2.2346595252447938e-17
Naive Bayes,dwi_logarithm_gldm_GrayLevelNonUniformity,15,0.6667719910845201,1.1388711885474103e-17,4.266110974946399e-16
Naive Bayes,dwi_log-sigma-2-mm-3D_ngtdm_Busyness,15,0.6662353374487203,1.501822615509846e-18,5.941274087847528e-17
Naive Bayes,adc_wavelet2-LL_glcm_Imc1,14,0.6655029893796804,1.912034291230077e-18,7.45062763295658e-17
Naive Bayes,dwi_exponential_glszm_LargeAreaEmphasis,11,0.6848190839501274,4.0645863368670464e-21,2.6547661857030816e-19
Naive Bayes,dwi_log-sigma-3-mm-3D_glcm_ClusterShade,11,0.6698729066973359,2.99278404188659e-19,1.3695657530711794e-17
Naive Bayes,dwi_original_firstorder_Kurtosis,10,0.6817333681117261,1.2840813675045328e-20,7.6125642930953805e-19
Naive Bayes,dwi_log-sigma-3-mm-3D_glrlm_LongRunHighGrayLevelEmphasis,9,0.6694311783455502,1.1767489711910141e-18,3.8935750619245357e-17
Naive Bayes,dwi_log-sigma-3-mm-3D_ngtdm_Strength,8,0.6875226220662709,5.243603356742782e-23,4.6482793631942064e-21
Naive Bayes,t2_log-sigma-3-mm-3D_glszm_ZoneEntropy,8,0.6601052416529081,9.303046573309242e-19,3.258946073652988e-17
Naive Bayes,adc_logarithm_ngtdm_Coarseness,7,0.6739529855488188,1.7520382039297677e-20,1.1229591832322418e-18
Naive Bayes,dwi_square_glcm_ClusterShade,7,0.6734218765577747,2.125212841928726e-19,9.189294250667484e-18
Naive Bayes,adc_squareroot_firstorder_TotalEnergy,7,0.6674644057224981,4.867888571589068e-19,2.0862486502154123e-17
Naive Bayes,dwi_log-sigma-0-6-mm-3D_firstorder_Skewness,7,0.6658327299091701,7.127693934219104e-19,2.916292582689181e-17
Naive Bayes,dwi_exponential_firstorder_Range,6,0.6947896948955475,4.3039538411859496e-23,7.586468908305602e-21
Naive Bayes,dwi_exponential_glszm_ZoneVariance,6,0.6647299189480063,5.149815526544259e-18,1.4331092066152284e-16
Naive Bayes,t2_wavelet2-LL_glszm_SizeZoneNonUniformity,5,0.6699612143489012,3.1853300838341864e-19,1.3434875643714382e-17
Naive Bayes,dwi_logarithm_ngtdm_Coarseness,5,0.6665762190576168,2.918130244929488e-19,1.0002433802834608e-17
Naive Bayes,dwi_square_firstorder_Maximum,5,0.6665355623167998,2.684763580847497e-18,1.0754332501150096e-16
Naive Bayes,dwi_log-sigma-3-mm-3D_glcm_JointAverage,5,0.6644553425715977,7.529045414554222e-19,3.023115310243949e-17
Naive Bayes,adc_original_ngtdm_Coarseness,4,0.6781589471827625,5.046537745399312e-21,2.708104399584114e-19
Naive Bayes,dwi_exponential_gldm_DependenceVariance,4,0.6768492132785644,2.3245957324610732e-20,1.604713086367483e-18
Naive Bayes,dwi_squareroot_ngtdm_Coarseness,4,0.6676397525503307,2.177554300419985e-19,7.744072452826795e-18
Naive Bayes,dwi_wavelet-LH_glcm_Imc1,4,0.6634018622283575,6.152116192629664e-18,2.3531590522834155e-16
Naive Bayes,dwi_log-sigma-3-mm-3D_glrlm_GrayLevelNonUniformity,3,0.6760926204405059,3.129189695463813e-20,2.1522756642933757e-18
Naive Bayes,dwi_logarithm_glrlm_GrayLevelNonUniformity,3,0.6685319491322881,2.526830786983942e-18,1.1555077892772704e-16
Naive Bayes,dwi_log-sigma-3-mm-3D_gldm_LowGrayLevelEmphasis,3,0.6633627426795164,1.189478556429827e-18,5.4094534814602007e-17
Naive Bayes,dwi_original_firstorder_Skewness,2,0.7005187315238992,5.731312672457792e-27,2.4065781911650267e-24
Naive Bayes,dwi_square_glszm_GrayLevelVariance,2,0.6817323396348152,1.1692706185902275e-22,1.1125365597565086e-20
Naive Bayes,dwi_log-sigma-3-mm-3D_glcm_MCC,2,0.6774846412653135,6.869862268012094e-20,5.24482121947271e-18
Naive Bayes,dwi_exponential_glcm_JointAverage,2,0.6658220645974822,4.349261762759419e-19,1.3825575472936856e-17
Naive Bayes,dwi_log-sigma-0-6-mm-3D_glszm_LargeAreaEmphasis,2,0.6651452188050463,9.364183196709478e-19,2.938873705702181e-17
Naive Bayes,dwi_original_ngtdm_Coarseness,2,0.664365359663061,2.2353709981754117e-18,5.0964622134666546e-17
Naive Bayes,t2_log-sigma-2-mm-3D_glrlm_RunLengthNonUniformity,2,0.6641704041410017,2.0286248421722673e-18,7.947282841195548e-17
Naive Bayes,dwi_wavelet2-LH_glcm_Imc1,2,0.6626991803170011,3.174961343816487e-18,1.4406527941027279e-16
Naive Bayes,t2_wavelet-HL_glszm_GrayLevelNonUniformity,2,0.6622662056739563,6.680549707222128e-18,2.31773423166474e-16
Naive Bayes,dwi_log-sigma-3-mm-3D_glrlm_ShortRunLowGrayLevelEmphasis,2,0.6600934422486664,7.748503134385039e-18,3.30378416768113e-16
Naive Bayes,adc_logarithm_glrlm_GrayLevelNonUniformity,1,0.6904283824809314,9.600198251950231e-25,1.0077808114984755e-22
Naive Bayes,dwi_square_glcm_ClusterProminence,1,0.6834571308736183,1.959726035984279e-23,1.5824787740573052e-21
Naive Bayes,dwi_squareroot_glrlm_GrayLevelNonUniformity,1,0.6809712104494897,1.6690212097034316e-22,8.808294811614165e-21
Naive Bayes,t2_wavelet2-HL_glszm_GrayLevelNonUniformity,1,0.6762916431394692,7.084881739475364e-21,3.9665891232076067e-19
Naive Bayes,dwi_exponential_glszm_LargeAreaLowGrayLevelEmphasis,1,0.6744558612308033,5.854017891946135e-21,3.7118433892010857e-19
Naive Bayes,dwi_square_firstorder_Range,1,0.6736582974256988,8.793517716320388e-21,5.200560688849199e-19
Naive Bayes,dwi_square_glrlm_GrayLevelVariance,1,0.6723759896198332,2.0026948526768745e-20,7.3765927073598205e-19
Naive Bayes,t2_original_firstorder_TotalEnergy,1,0.6665760623357797,9.959622451755094e-20,3.2914009284683376e-18
Naive Bayes,dwi_log-sigma-3-mm-3D_ngtdm_Coarseness,1,0.6664777939668663,1.2915319882219517e-19,4.675123119434462e-18
Naive Bayes,dwi_log-sigma-3-mm-3D_firstorder_Minimum,1,0.6657445637214423,4.340468764353986e-19,2.366964719678232e-17
Naive Bayes,adc_wavelet-HH_ngtdm_Coarseness,1,0.6652953045381484,3.6959842684168205e-19,1.124596952397263e-17
Naive Bayes,dwi_exponential_ngtdm_Contrast,1,0.6645063546839491,1.1602500825622223e-18,4.5531683146530574e-17
Naive Bayes,t2_original_shape_MinorAxisLength,1,0.6640504770698676,6.787147843845736e-19,1.7812021122692653e-17
Naive Bayes,t2_squareroot_glszm_GrayLevelNonUniformity,1,0.6637341153470185,1.841022873933614e-18,1.0307273396862993e-16
Naive Bayes,dwi_exponential_glszm_SizeZoneNonUniformity,1,0.6606052593625307,2.2617744573142217e-18,6.975339712412628e-17
Naive Bayes,t2_logarithm_glszm_SizeZoneNonUniformity,1,0.6590539572310405,1.07007423024885e-17,3.4039709794052433e-16
Naive Bayes,t2_original_shape_Maximum2DDiameterRow,1,0.6569561563051146,2.8351662238452696e-17,7.90911956843948e-16
Random Forest,dwi_square_ngtdm_Strength,50,0.7420431514422089,5.542950020240673e-34,2.327484713499059e-30
Random Forest,dwi_log-sigma-3-mm-3D_firstorder_Skewness,50,0.7214348312543909,1.4690818403708124e-30,2.0483209117626162e-27
Random Forest,dwi_exponential_glcm_Imc1,50,0.714344929198802,4.270695926432686e-29,3.068164577283904e-26
Random Forest,dwi_exponential_ngtdm_Strength,50,0.7113532059436151,1.6586443589684462e-27,1.1361891199274913e-24
Random Forest,dwi_exponential_glszm_GrayLevelNonUniformityNormalized,50,0.7106005821144035,5.6965067155506496e-27,2.9900035180166572e-24
Random Forest,dwi_square_firstorder_Skewness,50,0.7085678653389391,1.782585425022348e-27,1.138933269578614e-24
Random Forest,dwi_square_ngtdm_Busyness,50,0.7016014554320347,6.93006857998448e-25,2.2769523252347777e-22
Random Forest,dwi_exponential_firstorder_Skewness,50,0.6995927448446123,7.910312817156019e-25,2.261723869267863e-22
Random Forest,dwi_square_glrlm_GrayLevelNonUniformity,50,0.6991477292979961,2.244437624524425e-24,2.9645558906555873e-22
Random Forest,dwi_exponential_glcm_ClusterProminence,50,0.6981363617417238,1.0179396056675782e-24,2.8273169607360575e-22
Random Forest,dwi_exponential_glrlm_GrayLevelVariance,50,0.6973326105799028,1.9046192145808326e-24,4.464209444678602e-22
Random Forest,dwi_exponential_gldm_SmallDependenceHighGrayLevelEmphasis,50,0.6972744423659354,1.6988199598257366e-24,3.7836431340373193e-22
Random Forest,dwi_wavelet2-LL_glcm_ClusterShade,50,0.6909193437379446,5.966497535816573e-22,4.31559810899675e-20
Random Forest,dwi_log-sigma-2-mm-3D_firstorder_Kurtosis,50,0.6891164904889224,3.2442533822712114e-22,3.148805214389728e-20
Random Forest,dwi_square_firstorder_Kurtosis,50,0.6869682036683865,3.054229487954598e-22,2.838342990692351e-20
Random Forest,dwi_log-sigma-3-mm-3D_ngtdm_Busyness,50,0.6861487552131205,1.940793329878393e-20,9.69590586724016e-19
Random Forest,dwi_square_glcm_MCC,50,0.6820914120546976,2.2256742896022096e-21,1.6277694119987203e-19
Random Forest,dwi_exponential_glszm_SizeZoneNonUniformityNormalized,50,0.680970413940811,8.892258785279656e-21,6.302305458348116e-19
Random Forest,dwi_log-sigma-3-mm-3D_firstorder_Kurtosis,49,0.7069147137759115,6.802606386774128e-27,3.367471857641383e-24
Random Forest,dwi_wavelet2-LL_ngtdm_Strength,49,0.7006602654935052,4.201859355118445e-24,8.060029695608801e-22
Random Forest,adc_logarithm_gldm_GrayLevelNonUniformity,49,0.6799544882047887,1.255923837148473e-20,8.233748307009607e-19
Random Forest,dwi_exponential_glcm_Imc2,49,0.6736140730549972,3.405714257255401e-19,1.5743523151808284e-17
Random Forest,dwi_wavelet2-LL_firstorder_Skewness,48,0.707369373152674,5.516143963264263e-26,2.050893831836113e-23
Random Forest,dwi_square_glszm_SizeZoneNonUniformityNormalized,48,0.6731653254637293,3.634554134032097e-19,1.335173762266541e-17
Random Forest,dwi_log-sigma-2-mm-3D_glcm_MCC,47,0.6764776624971205,2.5007365440679874e-19,9.285081891028073e-18
Random Forest,dwi_square_glszm_SmallAreaHighGrayLevelEmphasis,46,0.6793780019982464,1.4353937927264007e-18,3.478728257628155e-17
Random Forest,dwi_exponential_gldm_SmallDependenceEmphasis,46,0.6768559095219459,7.227375480908303e-20,4.23561004766211e-18
Random Forest,dwi_wavelet2-LH_glcm_Imc2,46,0.671250560244913,6.68745401554196e-19,2.7291575421493958e-17
Random Forest,dwi_exponential_firstorder_Maximum,44,0.6952073642193018,2.2901522516178342e-24,3.9680170299416625e-22
Random Forest,dwi_wavelet2-LL_glszm_GrayLevelNonUniformity,43,0.6778124596113215,3.4004845259680635e-20,2.107608162541418e-18
Random Forest,dwi_wavelet2-LH_glcm_Correlation,41,0.6713642086918361,1.4223615348082085e-18,5.038457305064384e-17
Random Forest,dwi_log-sigma-0-6-mm-3D_glszm_ZoneVariance,41,0.6690727190679041,2.192670160140058e-18,8.523691861024866e-17
Random Forest,dwi_exponential_glszm_GrayLevelVariance,40,0.7041379654396173,1.2144117228656825e-25,5.071687452287046e-23
Random Forest,dwi_wavelet2-LL_firstorder_Kurtosis,40,0.6859872044672368,1.8018036356871563e-21,1.3221220650368405e-19
Random Forest,adc_wavelet2-LL_ngtdm_Coarseness,39,0.674369171236301,4.014225940089772e-19,2.0905889003884225e-17
Random Forest,dwi_wavelet2-LH_glcm_MCC,39,0.6710298400255484,5.040945631022529e-19,2.0156159285495908e-17
Random Forest,dwi_exponential_glszm_LargeAreaHighGrayLevelEmphasis,38,0.681908623137229,1.528294261927672e-20,1.0593449633548073e-18
Random Forest,t2_original_shape_SurfaceVolumeRatio,32,0.6690583073431096,2.5905608753955505e-18,1.0554203635889154e-16
Random Forest,dwi_log-sigma-3-mm-3D_gldm_LargeDependenceHighGrayLevelEmphasis,29,0.6714727851023505,2.086538213715156e-19,1.0056233434818072e-17
Random Forest,dwi_log-sigma-2-mm-3D_ngtdm_Strength,28,0.668728765432754,1.1864330800392557e-18,5.380520546324797e-17
Random Forest,t2_squareroot_glszm_SizeZoneNonUniformity,17,0.6691880832331667,5.524264629644929e-19,2.4433235074794895e-17
Random Forest,t2_original_glszm_GrayLevelNonUniformity,16,0.6705211785699811,5.059519139611473e-19,2.529423010518392e-17
Random Forest,t2_logarithm_ngtdm_Coarseness,15,0.6678716959777605,5.971362336012758e-19,2.2346595252447938e-17
Random Forest,dwi_logarithm_gldm_GrayLevelNonUniformity,15,0.6667719910845201,1.1388711885474103e-17,4.266110974946399e-16
Random Forest,dwi_log-sigma-2-mm-3D_ngtdm_Busyness,15,0.6662353374487203,1.501822615509846e-18,5.941274087847528e-17
Random Forest,adc_wavelet2-LL_glcm_Imc1,14,0.6655029893796804,1.912034291230077e-18,7.45062763295658e-17
Random Forest,dwi_exponential_glszm_LargeAreaEmphasis,11,0.6848190839501274,4.0645863368670464e-21,2.6547661857030816e-19
Random Forest,dwi_log-sigma-3-mm-3D_glcm_ClusterShade,11,0.6698729066973359,2.99278404188659e-19,1.3695657530711794e-17
Random Forest,dwi_original_firstorder_Kurtosis,10,0.6817333681117261,1.2840813675045328e-20,7.6125642930953805e-19
Random Forest,dwi_log-sigma-3-mm-3D_glrlm_LongRunHighGrayLevelEmphasis,9,0.6694311783455502,1.1767489711910141e-18,3.8935750619245357e-17
Random Forest,dwi_log-sigma-3-mm-3D_ngtdm_Strength,8,0.6875226220662709,5.243603356742782e-23,4.6482793631942064e-21
Random Forest,t2_log-sigma-3-mm-3D_glszm_ZoneEntropy,8,0.6601052416529081,9.303046573309242e-19,3.258946073652988e-17
Random Forest,adc_logarithm_ngtdm_Coarseness,7,0.6739529855488188,1.7520382039297677e-20,1.1229591832322418e-18
Random Forest,dwi_square_glcm_ClusterShade,7,0.6734218765577747,2.125212841928726e-19,9.189294250667484e-18
Random Forest,adc_squareroot_firstorder_TotalEnergy,7,0.6674644057224981,4.867888571589068e-19,2.0862486502154123e-17
Random Forest,dwi_log-sigma-0-6-mm-3D_firstorder_Skewness,7,0.6658327299091701,7.127693934219104e-19,2.916292582689181e-17
Random Forest,dwi_exponential_firstorder_Range,6,0.6947896948955475,4.3039538411859496e-23,7.586468908305602e-21
Random Forest,dwi_exponential_glszm_ZoneVariance,6,0.6647299189480063,5.149815526544259e-18,1.4331092066152284e-16
Random Forest,t2_wavelet2-LL_glszm_SizeZoneNonUniformity,5,0.6699612143489012,3.1853300838341864e-19,1.3434875643714382e-17
Random Forest,dwi_logarithm_ngtdm_Coarseness,5,0.6665762190576168,2.918130244929488e-19,1.0002433802834608e-17
Random Forest,dwi_square_firstorder_Maximum,5,0.6665355623167998,2.684763580847497e-18,1.0754332501150096e-16
Random Forest,dwi_log-sigma-3-mm-3D_glcm_JointAverage,5,0.6644553425715977,7.529045414554222e-19,3.023115310243949e-17
Random Forest,adc_original_ngtdm_Coarseness,4,0.6781589471827625,5.046537745399312e-21,2.708104399584114e-19
Random Forest,dwi_exponential_gldm_DependenceVariance,4,0.6768492132785644,2.3245957324610732e-20,1.604713086367483e-18
Random Forest,dwi_squareroot_ngtdm_Coarseness,4,0.6676397525503307,2.177554300419985e-19,7.744072452826795e-18
Random Forest,dwi_wavelet-LH_glcm_Imc1,4,0.6634018622283575,6.152116192629664e-18,2.3531590522834155e-16
Random Forest,dwi_log-sigma-3-mm-3D_glrlm_GrayLevelNonUniformity,3,0.6760926204405059,3.129189695463813e-20,2.1522756642933757e-18
Random Forest,dwi_logarithm_glrlm_GrayLevelNonUniformity,3,0.6685319491322881,2.526830786983942e-18,1.1555077892772704e-16
Random Forest,dwi_log-sigma-3-mm-3D_gldm_LowGrayLevelEmphasis,3,0.6633627426795164,1.189478556429827e-18,5.4094534814602007e-17
Random Forest,dwi_original_firstorder_Skewness,2,0.7005187315238992,5.731312672457792e-27,2.4065781911650267e-24
Random Forest,dwi_square_glszm_GrayLevelVariance,2,0.6817323396348152,1.1692706185902275e-22,1.1125365597565086e-20
Random Forest,dwi_log-sigma-3-mm-3D_glcm_MCC,2,0.6774846412653135,6.869862268012094e-20,5.24482121947271e-18
Random Forest,dwi_exponential_glcm_JointAverage,2,0.6658220645974822,4.349261762759419e-19,1.3825575472936856e-17
Random Forest,dwi_log-sigma-0-6-mm-3D_glszm_LargeAreaEmphasis,2,0.6651452188050463,9.364183196709478e-19,2.938873705702181e-17
Random Forest,dwi_original_ngtdm_Coarseness,2,0.664365359663061,2.2353709981754117e-18,5.0964622134666546e-17
Random Forest,t2_log-sigma-2-mm-3D_glrlm_RunLengthNonUniformity,2,0.6641704041410017,2.0286248421722673e-18,7.947282841195548e-17
Random Forest,dwi_wavelet2-LH_glcm_Imc1,2,0.6626991803170011,3.174961343816487e-18,1.4406527941027279e-16
Random Forest,t2_wavelet-HL_glszm_GrayLevelNonUniformity,2,0.6622662056739563,6.680549707222128e-18,2.31773423166474e-16
Random Forest,dwi_log-sigma-3-mm-3D_glrlm_ShortRunLowGrayLevelEmphasis,2,0.6600934422486664,7.748503134385039e-18,3.30378416768113e-16
Random Forest,adc_logarithm_glrlm_GrayLevelNonUniformity,1,0.6904283824809314,9.600198251950231e-25,1.0077808114984755e-22
Random Forest,dwi_square_glcm_ClusterProminence,1,0.6834571308736183,1.959726035984279e-23,1.5824787740573052e-21
Random Forest,dwi_squareroot_glrlm_GrayLevelNonUniformity,1,0.6809712104494897,1.6690212097034316e-22,8.808294811614165e-21
Random Forest,t2_wavelet2-HL_glszm_GrayLevelNonUniformity,1,0.6762916431394692,7.084881739475364e-21,3.9665891232076067e-19
Random Forest,dwi_exponential_glszm_LargeAreaLowGrayLevelEmphasis,1,0.6744558612308033,5.854017891946135e-21,3.7118433892010857e-19
Random Forest,dwi_square_firstorder_Range,1,0.6736582974256988,8.793517716320388e-21,5.200560688849199e-19
Random Forest,dwi_square_glrlm_GrayLevelVariance,1,0.6723759896198332,2.0026948526768745e-20,7.3765927073598205e-19
Random Forest,t2_original_firstorder_TotalEnergy,1,0.6665760623357797,9.959622451755094e-20,3.2914009284683376e-18
Random Forest,dwi_log-sigma-3-mm-3D_ngtdm_Coarseness,1,0.6664777939668663,1.2915319882219517e-19,4.675123119434462e-18
Random Forest,dwi_log-sigma-3-mm-3D_firstorder_Minimum,1,0.6657445637214423,4.340468764353986e-19,2.366964719678232e-17
Random Forest,adc_wavelet-HH_ngtdm_Coarseness,1,0.6652953045381484,3.6959842684168205e-19,1.124596952397263e-17
Random Forest,dwi_exponential_ngtdm_Contrast,1,0.6645063546839491,1.1602500825622223e-18,4.5531683146530574e-17
Random Forest,t2_original_shape_MinorAxisLength,1,0.6640504770698676,6.787147843845736e-19,1.7812021122692653e-17
Random Forest,t2_squareroot_glszm_GrayLevelNonUniformity,1,0.6637341153470185,1.841022873933614e-18,1.0307273396862993e-16
Random Forest,dwi_exponential_glszm_SizeZoneNonUniformity,1,0.6606052593625307,2.2617744573142217e-18,6.975339712412628e-17
Random Forest,t2_logarithm_glszm_SizeZoneNonUniformity,1,0.6590539572310405,1.07007423024885e-17,3.4039709794052433e-16
Random Forest,t2_original_shape_Maximum2DDiameterRow,1,0.6569561563051146,2.8351662238452696e-17,7.90911956843948e-16
SVM,dwi_square_ngtdm_Strength,50,0.7420431514422089,5.542950020240673e-34,2.327484713499059e-30
SVM,dwi_log-sigma-3-mm-3D_firstorder_Skewness,50,0.7214348312543909,1.4690818403708124e-30,2.0483209117626162e-27
SVM,dwi_exponential_glcm_Imc1,50,0.714344929198802,4.270695926432686e-29,3.068164577283904e-26
SVM,dwi_exponential_ngtdm_Strength,50,0.7113532059436151,1.6586443589684462e-27,1.1361891199274913e-24
SVM,dwi_exponential_glszm_GrayLevelNonUniformityNormalized,50,0.7106005821144035,5.6965067155506496e-27,2.9900035180166572e-24
SVM,dwi_square_firstorder_Skewness,50,0.7085678653389391,1.782585425022348e-27,1.138933269578614e-24
SVM,dwi_square_ngtdm_Busyness,50,0.7016014554320347,6.93006857998448e-25,2.2769523252347777e-22
SVM,dwi_exponential_firstorder_Skewness,50,0.6995927448446123,7.910312817156019e-25,2.261723869267863e-22
SVM,dwi_square_glrlm_GrayLevelNonUniformity,50,0.6991477292979961,2.244437624524425e-24,2.9645558906555873e-22
SVM,dwi_exponential_glcm_ClusterProminence,50,0.6981363617417238,1.0179396056675782e-24,2.8273169607360575e-22
SVM,dwi_exponential_glrlm_GrayLevelVariance,50,0.6973326105799028,1.9046192145808326e-24,4.464209444678602e-22
SVM,dwi_exponential_gldm_SmallDependenceHighGrayLevelEmphasis,50,0.6972744423659354,1.6988199598257366e-24,3.7836431340373193e-22
SVM,dwi_wavelet2-LL_glcm_ClusterShade,50,0.6909193437379446,5.966497535816573e-22,4.31559810899675e-20
SVM,dwi_log-sigma-2-mm-3D_firstorder_Kurtosis,50,0.6891164904889224,3.2442533822712114e-22,3.148805214389728e-20
SVM,dwi_square_firstorder_Kurtosis,50,0.6869682036683865,3.054229487954598e-22,2.838342990692351e-20
SVM,dwi_log-sigma-3-mm-3D_ngtdm_Busyness,50,0.6861487552131205,1.940793329878393e-20,9.69590586724016e-19
SVM,dwi_square_glcm_MCC,50,0.6820914120546976,2.2256742896022096e-21,1.6277694119987203e-19
SVM,dwi_exponential_glszm_SizeZoneNonUniformityNormalized,50,0.680970413940811,8.892258785279656e-21,6.302305458348116e-19
SVM,dwi_log-sigma-3-mm-3D_firstorder_Kurtosis,49,0.7069147137759115,6.802606386774128e-27,3.367471857641383e-24
SVM,dwi_wavelet2-LL_ngtdm_Strength,49,0.7006602654935052,4.201859355118445e-24,8.060029695608801e-22
SVM,adc_logarithm_gldm_GrayLevelNonUniformity,49,0.6799544882047887,1.255923837148473e-20,8.233748307009607e-19
SVM,dwi_exponential_glcm_Imc2,49,0.6736140730549972,3.405714257255401e-19,1.5743523151808284e-17
SVM,dwi_wavelet2-LL_firstorder_Skewness,48,0.707369373152674,5.516143963264263e-26,2.050893831836113e-23
SVM,dwi_square_glszm_SizeZoneNonUniformityNormalized,48,0.6731653254637293,3.634554134032097e-19,1.335173762266541e-17
SVM,dwi_log-sigma-2-mm-3D_glcm_MCC,47,0.6764776624971205,2.5007365440679874e-19,9.285081891028073e-18
SVM,dwi_square_glszm_SmallAreaHighGrayLevelEmphasis,46,0.6793780019982464,1.4353937927264007e-18,3.478728257628155e-17
SVM,dwi_exponential_gldm_SmallDependenceEmphasis,46,0.6768559095219459,7.227375480908303e-20,4.23561004766211e-18
SVM,dwi_wavelet2-LH_glcm_Imc2,46,0.671250560244913,6.68745401554196e-19,2.7291575421493958e-17
SVM,dwi_exponential_firstorder_Maximum,44,0.6952073642193018,2.2901522516178342e-24,3.9680170299416625e-22
SVM,dwi_wavelet2-LL_glszm_GrayLevelNonUniformity,43,0.6778124596113215,3.4004845259680635e-20,2.107608162541418e-18
SVM,dwi_wavelet2-LH_glcm_Correlation,41,0.6713642086918361,1.4223615348082085e-18,5.038457305064384e-17
SVM,dwi_log-sigma-0-6-mm-3D_glszm_ZoneVariance,41,0.6690727190679041,2.192670160140058e-18,8.523691861024866e-17
SVM,dwi_exponential_glszm_GrayLevelVariance,40,0.7041379654396173,1.2144117228656825e-25,5.071687452287046e-23
SVM,dwi_wavelet2-LL_firstorder_Kurtosis,40,0.6859872044672368,1.8018036356871563e-21,1.3221220650368405e-19
SVM,adc_wavelet2-LL_ngtdm_Coarseness,39,0.674369171236301,4.014225940089772e-19,2.0905889003884225e-17
SVM,dwi_wavelet2-LH_glcm_MCC,39,0.6710298400255484,5.040945631022529e-19,2.0156159285495908e-17
SVM,dwi_exponential_glszm_LargeAreaHighGrayLevelEmphasis,38,0.681908623137229,1.528294261927672e-20,1.0593449633548073e-18
SVM,t2_original_shape_SurfaceVolumeRatio,32,0.6690583073431096,2.5905608753955505e-18,1.0554203635889154e-16
SVM,dwi_log-sigma-3-mm-3D_gldm_LargeDependenceHighGrayLevelEmphasis,29,0.6714727851023505,2.086538213715156e-19,1.0056233434818072e-17
SVM,dwi_log-sigma-2-mm-3D_ngtdm_Strength,28,0.668728765432754,1.1864330800392557e-18,5.380520546324797e-17
SVM,t2_squareroot_glszm_SizeZoneNonUniformity,17,0.6691880832331667,5.524264629644929e-19,2.4433235074794895e-17
SVM,t2_original_glszm_GrayLevelNonUniformity,16,0.6705211785699811,5.059519139611473e-19,2.529423010518392e-17
SVM,t2_logarithm_ngtdm_Coarseness,15,0.6678716959777605,5.971362336012758e-19,2.2346595252447938e-17
SVM,dwi_logarithm_gldm_GrayLevelNonUniformity,15,0.6667719910845201,1.1388711885474103e-17,4.266110974946399e-16
SVM,dwi_log-sigma-2-mm-3D_ngtdm_Busyness,15,0.6662353374487203,1.501822615509846e-18,5.941274087847528e-17
SVM,adc_wavelet2-LL_glcm_Imc1,14,0.6655029893796804,1.912034291230077e-18,7.45062763295658e-17
SVM,dwi_exponential_glszm_LargeAreaEmphasis,11,0.6848190839501274,4.0645863368670464e-21,2.6547661857030816e-19
SVM,dwi_log-sigma-3-mm-3D_glcm_ClusterShade,11,0.6698729066973359,2.99278404188659e-19,1.3695657530711794e-17
SVM,dwi_original_firstorder_Kurtosis,10,0.6817333681117261,1.2840813675045328e-20,7.6125642930953805e-19
SVM,dwi_log-sigma-3-mm-3D_glrlm_LongRunHighGrayLevelEmphasis,9,0.6694311783455502,1.1767489711910141e-18,3.8935750619245357e-17
SVM,dwi_log-sigma-3-mm-3D_ngtdm_Strength,8,0.6875226220662709,5.243603356742782e-23,4.6482793631942064e-21
SVM,t2_log-sigma-3-mm-3D_glszm_ZoneEntropy,8,0.6601052416529081,9.303046573309242e-19,3.258946073652988e-17
SVM,adc_logarithm_ngtdm_Coarseness,7,0.6739529855488188,1.7520382039297677e-20,1.1229591832322418e-18
SVM,dwi_square_glcm_ClusterShade,7,0.6734218765577747,2.125212841928726e-19,9.189294250667484e-18
SVM,adc_squareroot_firstorder_TotalEnergy,7,0.6674644057224981,4.867888571589068e-19,2.0862486502154123e-17
SVM,dwi_log-sigma-0-6-mm-3D_firstorder_Skewness,7,0.6658327299091701,7.127693934219104e-19,2.916292582689181e-17
SVM,dwi_exponential_firstorder_Range,6,0.6947896948955475,4.3039538411859496e-23,7.586468908305602e-21
SVM,dwi_exponential_glszm_ZoneVariance,6,0.6647299189480063,5.149815526544259e-18,1.4331092066152284e-16
SVM,t2_wavelet2-LL_glszm_SizeZoneNonUniformity,5,0.6699612143489012,3.1853300838341864e-19,1.3434875643714382e-17
SVM,dwi_logarithm_ngtdm_Coarseness,5,0.6665762190576168,2.918130244929488e-19,1.0002433802834608e-17
SVM,dwi_square_firstorder_Maximum,5,0.6665355623167998,2.684763580847497e-18,1.0754332501150096e-16
SVM,dwi_log-sigma-3-mm-3D_glcm_JointAverage,5,0.6644553425715977,7.529045414554222e-19,3.023115310243949e-17
SVM,adc_original_ngtdm_Coarseness,4,0.6781589471827625,5.046537745399312e-21,2.708104399584114e-19
SVM,dwi_exponential_gldm_DependenceVariance,4,0.6768492132785644,2.3245957324610732e-20,1.604713086367483e-18
SVM,dwi_squareroot_ngtdm_Coarseness,4,0.6676397525503307,2.177554300419985e-19,7.744072452826795e-18
SVM,dwi_wavelet-LH_glcm_Imc1,4,0.6634018622283575,6.152116192629664e-18,2.3531590522834155e-16
SVM,dwi_log-sigma-3-mm-3D_glrlm_GrayLevelNonUniformity,3,0.6760926204405059,3.129189695463813e-20,2.1522756642933757e-18
SVM,dwi_logarithm_glrlm_GrayLevelNonUniformity,3,0.6685319491322881,2.526830786983942e-18,1.1555077892772704e-16
SVM,dwi_log-sigma-3-mm-3D_gldm_LowGrayLevelEmphasis,3,0.6633627426795164,1.189478556429827e-18,5.4094534814602007e-17
SVM,dwi_original_firstorder_Skewness,2,0.7005187315238992,5.731312672457792e-27,2.4065781911650267e-24
SVM,dwi_square_glszm_GrayLevelVariance,2,0.6817323396348152,1.1692706185902275e-22,1.1125365597565086e-20
SVM,dwi_log-sigma-3-mm-3D_glcm_MCC,2,0.6774846412653135,6.869862268012094e-20,5.24482121947271e-18
SVM,dwi_exponential_glcm_JointAverage,2,0.6658220645974822,4.349261762759419e-19,1.3825575472936856e-17
SVM,dwi_log-sigma-0-6-mm-3D_glszm_LargeAreaEmphasis,2,0.6651452188050463,9.364183196709478e-19,2.938873705702181e-17
SVM,dwi_original_ngtdm_Coarseness,2,0.664365359663061,2.2353709981754117e-18,5.0964622134666546e-17
SVM,t2_log-sigma-2-mm-3D_glrlm_RunLengthNonUniformity,2,0.6641704041410017,2.0286248421722673e-18,7.947282841195548e-17
SVM,dwi_wavelet2-LH_glcm_Imc1,2,0.6626991803170011,3.174961343816487e-18,1.4406527941027279e-16
SVM,t2_wavelet-HL_glszm_GrayLevelNonUniformity,2,0.6622662056739563,6.680549707222128e-18,2.31773423166474e-16
SVM,dwi_log-sigma-3-mm-3D_glrlm_ShortRunLowGrayLevelEmphasis,2,0.6600934422486664,7.748503134385039e-18,3.30378416768113e-16
SVM,adc_logarithm_glrlm_GrayLevelNonUniformity,1,0.6904283824809314,9.600198251950231e-25,1.0077808114984755e-22
SVM,dwi_square_glcm_ClusterProminence,1,0.6834571308736183,1.959726035984279e-23,1.5824787740573052e-21
SVM,dwi_squareroot_glrlm_GrayLevelNonUniformity,1,0.6809712104494897,1.6690212097034316e-22,8.808294811614165e-21
SVM,t2_wavelet2-HL_glszm_GrayLevelNonUniformity,1,0.6762916431394692,7.084881739475364e-21,3.9665891232076067e-19
SVM,dwi_exponential_glszm_LargeAreaLowGrayLevelEmphasis,1,0.6744558612308033,5.854017891946135e-21,3.7118433892010857e-19
SVM,dwi_square_firstorder_Range,1,0.6736582974256988,8.793517716320388e-21,5.200560688849199e-19
SVM,dwi_square_glrlm_GrayLevelVariance,1,0.6723759896198332,2.0026948526768745e-20,7.3765927073598205e-19
SVM,t2_original_firstorder_TotalEnergy,1,0.6665760623357797,9.959622451755094e-20,3.2914009284683376e-18
SVM,dwi_log-sigma-3-mm-3D_ngtdm_Coarseness,1,0.6664777939668663,1.2915319882219517e-19,4.675123119434462e-18
SVM,dwi_log-sigma-3-mm-3D_firstorder_Minimum,1,0.6657445637214423,4.340468764353986e-19,2.366964719678232e-17
SVM,adc_wavelet-HH_ngtdm_Coarseness,1,0.6652953045381484,3.6959842684168205e-19,1.124596952397263e-17
SVM,dwi_exponential_ngtdm_Contrast,1,0.6645063546839491,1.1602500825622223e-18,4.5531683146530574e-17
SVM,t2_original_shape_MinorAxisLength,1,0.6640504770698676,6.787147843845736e-19,1.7812021122692653e-17
SVM,t2_squareroot_glszm_GrayLevelNonUniformity,1,0.6637341153470185,1.841022873933614e-18,1.0307273396862993e-16
SVM,dwi_exponential_glszm_SizeZoneNonUniformity,1,0.6606052593625307,2.2617744573142217e-18,6.975339712412628e-17
SVM,t2_logarithm_glszm_SizeZoneNonUniformity,1,0.6590539572310405,1.07007423024885e-17,3.4039709794052433e-16
SVM,t2_original_shape_Maximum2DDiameterRow,1,0.6569561563051146,2.8351662238452696e-17,7.90911956843948e-16
